{
  "1 language": {
    "boot_ms": 6277.391334064305,
    "docs": {
      "fr_long_corporate": {
        "tokens": 454,
        "min": 59.62079099845141,
        "p50": 61.62687501637265,
        "p95": 62.19108297955245,
        "p99": 62.729917000979185,
        "max": 62.729917000979185,
        "mean": 61.5541499806568
      },
      "fr_1000t_corporate": {
        "tokens": 776,
        "min": 111.41216603573412,
        "p50": 112.78531252173707,
        "p95": 114.29062497336417,
        "p99": 130.0876250024885,
        "max": 130.0876250024885,
        "mean": 113.44742506820087
      }
    }
  },
  "2 languages": {
    "boot_ms": 1556.3538749702275,
    "docs": {
      "fr_long_corporate": {
        "tokens": 454,
        "min": 126.63695798255503,
        "p50": 128.51858302019536,
        "p95": 129.80758398771286,
        "p99": 130.25341602042317,
        "max": 130.25341602042317,
        "mean": 128.5872124019079
      },
      "en_long_legal": {
        "tokens": 496,
        "min": 142.49383297283202,
        "p50": 143.4188960120082,
        "p95": 145.19687497522682,
        "p99": 145.5380410188809,
        "max": 145.5380410188809,
        "mean": 143.59794440679252
      },
      "fr_1000t_corporate": {
        "tokens": 776,
        "min": 231.0923330951482,
        "p50": 232.20777098322287,
        "p95": 233.37495897430927,
        "p99": 234.88945805002004,
        "max": 234.88945805002004,
        "mean": 232.3047624590496
      }
    }
  },
  "3 languages": {
    "boot_ms": 2299.0547920344397,
    "docs": {
      "fr_long_corporate": {
        "tokens": 454,
        "min": 197.09604093804955,
        "p50": 198.7597705447115,
        "p95": 202.5852910010144,
        "p99": 207.6465419959277,
        "max": 207.6465419959277,
        "mean": 199.11743047026297
      },
      "en_long_legal": {
        "tokens": 496,
        "min": 223.17091596778482,
        "p50": 224.45287503069267,
        "p95": 226.0454170173034,
        "p99": 226.88516695052385,
        "max": 226.88516695052385,
        "mean": 224.49121386744082
      },
      "de_long_medical": {
        "tokens": 378,
        "min": 215.07079107686877,
        "p50": 216.3048330694437,
        "p95": 217.7377080079168,
        "p99": 229.36329199001193,
        "max": 229.36329199001193,
        "mean": 216.75962764614573
      },
      "fr_1000t_corporate": {
        "tokens": 776,
        "min": 354.7921250574291,
        "p50": 355.6061039562337,
        "p95": 357.3720840504393,
        "p99": 391.0586249548942,
        "max": 391.0586249548942,
        "mean": 356.8911263719201
      }
    }
  },
  "5 languages": {
    "boot_ms": 2929.239209042862,
    "docs": {
      "fr_long_corporate": {
        "tokens": 454,
        "min": 322.4784170743078,
        "p50": 325.7275625364855,
        "p95": 327.45650003198534,
        "p99": 328.5294999368489,
        "max": 328.5294999368489,
        "mean": 325.6716430032005
      },
      "en_long_legal": {
        "tokens": 496,
        "min": 360.4480830254033,
        "p50": 362.8762920270674,
        "p95": 365.4646249487996,
        "p99": 367.0162499183789,
        "max": 367.0162499183789,
        "mean": 362.94733055789646
      },
      "de_long_medical": {
        "tokens": 378,
        "min": 350.93475005123764,
        "p50": 352.3262499948032,
        "p95": 357.70949989091605,
        "p99": 357.87666600663215,
        "max": 357.87666600663215,
        "mean": 352.9131194304985
      },
      "fr_1000t_corporate": {
        "tokens": 776,
        "min": 584.1510000173002,
        "p50": 586.5505205001682,
        "p95": 587.9283329704776,
        "p99": 613.5583750437945,
        "max": 613.5583750437945,
        "mean": 587.364411028102
      }
    }
  },
  "7 languages": {
    "boot_ms": 4247.8123329347,
    "docs": {
      "fr_long_corporate": {
        "tokens": 454,
        "min": 456.0819159960374,
        "p50": 459.91652098018676,
        "p95": 465.88841604534537,
        "p99": 469.7792090009898,
        "max": 469.7792090009898,
        "mean": 460.3539056067045
      },
      "en_long_legal": {
        "tokens": 496,
        "min": 518.3502499712631,
        "p50": 519.6303335251287,
        "p95": 520.6963339587674,
        "p99": 522.4357499973848,
        "max": 522.4357499973848,
        "mean": 519.6114680613391
      },
      "de_long_medical": {
        "tokens": 378,
        "min": 489.1139999963343,
        "p50": 490.28508353512734,
        "p95": 491.66637496091425,
        "p99": 492.1743329614401,
        "max": 492.1743329614401,
        "mean": 490.3325985961904
      },
      "fr_1000t_corporate": {
        "tokens": 776,
        "min": 809.7618749598041,
        "p50": 814.3916044500656,
        "p95": 827.449708012864,
        "p99": 830.0355420215055,
        "max": 830.0355420215055,
        "mean": 816.853000029611
      }
    }
  }
}