{
  "1 language": {
    "boot_ms": 4018.7636249756906,
    "docs": {
      "fr_long_corporate": {
        "tokens": 454,
        "min": 62.58970801718533,
        "p50": 64.00712500908412,
        "p95": 65.53870800416917,
        "p99": 66.61120901117101,
        "max": 66.61120901117101,
        "mean": 64.14401250173493
      },
      "fr_1000t_corporate": {
        "tokens": 776,
        "min": 115.66024998319335,
        "p50": 116.87935449299403,
        "p95": 118.51020797621459,
        "p99": 118.71612499817275,
        "max": 118.71612499817275,
        "mean": 116.98157646363445
      }
    }
  },
  "2 languages": {
    "boot_ms": 1376.735333004035,
    "docs": {
      "fr_long_corporate": {
        "tokens": 454,
        "min": 128.46520799212158,
        "p50": 133.8919999980135,
        "p95": 136.47491700248793,
        "p99": 352.78924999875017,
        "max": 352.78924999875017,
        "mean": 141.06449450094564
      },
      "en_long_legal": {
        "tokens": 496,
        "min": 147.4357080005575,
        "p50": 149.44702050706837,
        "p95": 153.63270899979398,
        "p99": 156.8990420200862,
        "max": 156.8990420200862,
        "mean": 149.84770970089207
      },
      "fr_1000t_corporate": {
        "tokens": 776,
        "min": 235.4890420101583,
        "p50": 243.63960449409205,
        "p95": 519.1394579887856,
        "p99": 626.6937920008786,
        "max": 626.6937920008786,
        "mean": 270.66074733350735
      }
    }
  },
  "3 languages": {
    "boot_ms": 2080.0902500050142,
    "docs": {
      "fr_long_corporate": {
        "tokens": 454,
        "min": 204.65654201689176,
        "p50": 210.34837448678445,
        "p95": 294.59358399617486,
        "p99": 435.29958397266455,
        "max": 435.29958397266455,
        "mean": 222.01244999887422
      },
      "en_long_legal": {
        "tokens": 496,
        "min": 224.15683401050046,
        "p50": 233.50508349540178,
        "p95": 325.53775000269525,
        "p99": 332.15737499995157,
        "max": 332.15737499995157,
        "mean": 238.87702370314705
      },
      "de_long_medical": {
        "tokens": 378,
        "min": 218.96054199896753,
        "p50": 222.00989600969478,
        "p95": 225.79620897886343,
        "p99": 230.40212501655333,
        "max": 230.40212501655333,
        "mean": 222.3290987322495
      },
      "fr_1000t_corporate": {
        "tokens": 776,
        "min": 358.6888750141952,
        "p50": 375.57681249745656,
        "p95": 386.1701669811737,
        "p99": 386.96341699687764,
        "max": 386.96341699687764,
        "mean": 375.63864589804626
      }
    }
  },
  "5 languages": {
    "boot_ms": 3467.3312499944586,
    "docs": {
      "fr_long_corporate": {
        "tokens": 454,
        "min": 329.037415998755,
        "p50": 338.3362504973775,
        "p95": 348.2627499906812,
        "p99": 495.65845797769725,
        "max": 495.65845797769725,
        "mean": 343.35440280265175
      },
      "en_long_legal": {
        "tokens": 496,
        "min": 379.7668750048615,
        "p50": 383.53997901140247,
        "p95": 393.74104200396687,
        "p99": 395.68975000292994,
        "max": 395.68975000292994,
        "mean": 384.5833640390386
      },
      "de_long_medical": {
        "tokens": 378,
        "min": 359.52483300934546,
        "p50": 366.32918698887806,
        "p95": 374.1640830121469,
        "p99": 375.67249999847263,
        "max": 375.67249999847263,
        "mean": 366.1125082318904
      },
      "fr_1000t_corporate": {
        "tokens": 776,
        "min": 580.5873750068713,
        "p50": 591.2498750112718,
        "p95": 605.6675830041058,
        "p99": 606.926124979509,
        "max": 606.926124979509,
        "mean": 592.2661402330656
      }
    }
  },
  "7 languages": {
    "boot_ms": 4783.273458015174,
    "docs": {
      "fr_long_corporate": {
        "tokens": 454,
        "min": 451.5943750157021,
        "p50": 457.71552149381023,
        "p95": 528.9330829982646,
        "p99": 1370.1341669948306,
        "max": 1370.1341669948306,
        "mean": 493.4235736320261
      },
      "en_long_legal": {
        "tokens": 496,
        "min": 504.1575840150472,
        "p50": 507.38727049611043,
        "p95": 533.5372090048622,
        "p99": 545.5880420049652,
        "max": 545.5880420049652,
        "mean": 511.29690693342127
      },
      "de_long_medical": {
        "tokens": 378,
        "min": 474.490666994825,
        "p50": 477.046916494146,
        "p95": 479.9577920057345,
        "p99": 480.5611250048969,
        "max": 480.5611250048969,
        "mean": 477.0891960011795
      },
      "fr_1000t_corporate": {
        "tokens": 776,
        "min": 796.1088749871124,
        "p50": 801.7974164831685,
        "p95": 807.2579159925226,
        "p99": 809.88991598133,
        "max": 809.88991598133,
        "mean": 801.5365276311059
      }
    }
  }
}